epoch,train_reward,test_reward,train_pnl,test_pnl,epsilon,loss_ema,epoch_seconds
1,-8527.21859780273,0.0,-6.339750683551756,0.0,0.925,15.524662465455526,43.998428345999855
2,-14781.375091870124,-17734.510010571285,-19.10212133785535,19.3915094726799,0.85,15.09046278287827,60.0026109649998
3,-14720.233392773423,-24442.377214672848,23.45723847658701,-36.06529887689976,0.775,17.148318963401376,63.371775601999616
4,-15738.32085600586,-23090.091774658238,9.231707177770659,-8.326197753893211,0.7,17.278543976052188,63.501012746000015
5,-12947.57138762208,-6914.850138793938,-7.123458447251323,0.3235402832233376,0.625,17.475048685252276,58.22281201599981
